{"cameraMode":{"drawMode":0,"name":"Shaded","section":"Shading Mode"},"sceneLighting":true,"audioPlay":false,"sceneViewState":{"showFog":true,"showMaterialUpdate":false,"showSkybox":true,"showFlares":true,"showImageEffects":true,"showParticleSystems":true},"in2DMode":false,"pivot":{"x":-1.039379596710205,"y":1.1029983758926392,"z":-0.12125349044799805},"rotation":{"x":-0.061862096190452579,"y":-0.4404006004333496,"z":0.030444303527474405,"w":-0.8951829075813294},"size":1.7051030397415162,"orthographic":true}